,Xi,Xj,model
0,Today morning I was,feeling a bit under the weather,gemini-1.5-flash
1,He left the party and,went out for a smoke,gemini-1.5-flash
2,"After the meeting ended, I",headed back to my desk,gemini-1.5-flash
3,She looked at the clock and,realized it was almost time for dinner,gemini-1.5-flash
4,"Without a second thought, he",ran out of the room,gemini-1.5-flash
5,"Walking down the street, they",noticed a strange man following them,gemini-1.5-flash
6,I was about to say something when,I was interrupted by a loud noise,gemini-1.5-flash
7,"Before the movie started, we",bought some popcorn and candy,gemini-1.5-flash
8,"As soon as the bell rang, they",rushed out of the classroom,gemini-1.5-flash
9,"The moment she opened the door, she",saw a familiar face standing on her doorstep,gemini-1.5-flash
10,"With a heavy heart, he",said goodbye to his loved ones,gemini-1.5-flash
11,They didn't know what to do after,the party was over,gemini-1.5-flash
12,"I was trying to focus, but",the noise from the street was distracting me,gemini-1.5-flash
13,He glanced at the report and,noticed a mistake in the numbers,gemini-1.5-flash
14,She smiled softly before she,said goodbye to her friends,gemini-1.5-flash
15,They were about to leave when,they were interrupted by a loud crash,gemini-1.5-flash
16,I had no idea what to say when,he asked me what was going on,gemini-1.5-flash
17,"Just before the storm hit, we",ran inside to take shelter,gemini-1.5-flash
18,"After she finished speaking, I",asked her to elaborate,gemini-1.5-flash
19,He took a deep breath and,closed his eyes and took a deep breath,gemini-1.5-flash
20,The dog barked loudly as,the mailman delivered the package,gemini-1.5-flash
21,I couldn't believe my eyes when,I saw a ghost standing in the corner,gemini-1.5-flash
22,He walked into the room and,turned on the lights and looked around,gemini-1.5-flash
23,They waited patiently until,the bus finally arrived,gemini-1.5-flash
24,"Without saying a word, she",left the room without a word,gemini-1.5-flash
25,"The car stopped abruptly, and",the driver slammed on the brakes,gemini-1.5-flash
26,"Looking at the stars, she",wished upon a shooting star,gemini-1.5-flash
27,"Before he could respond, I",interrupted him with a question,gemini-1.5-flash
28,The child ran toward the playground and,slid down the slide,gemini-1.5-flash
29,He was writing something down when,he was interrupted by a phone call,gemini-1.5-flash
30,They decided to leave before,it started to rain,gemini-1.5-flash
31,"I tried calling him, but",he didn't answer,gemini-1.5-flash
32,"After a long silence, she",finally spoke up,gemini-1.5-flash
33,"As the music played, they",danced the night away,gemini-1.5-flash
34,He turned around quickly and,looked over his shoulder,gemini-1.5-flash
35,She was holding a cup of coffee when,she was about to take a sip,gemini-1.5-flash
36,"Without warning, the lights",went out suddenly,gemini-1.5-flash
37,I knew something was wrong when,I heard a strange sound coming from the attic,gemini-1.5-flash
38,"He was about to explain, but",she was about to say something,gemini-1.5-flash
39,She laughed softly and,she giggled at his joke,gemini-1.5-flash
40,The airplane started to descend as,the pilot announced their descent,gemini-1.5-flash
41,He couldn't stop thinking about,her beautiful smile,gemini-1.5-flash
42,"The alarm rang, and she",jumped out of bed and ran to the window,gemini-1.5-flash
43,"As soon as the train arrived, we",boarded the train and found our seats,gemini-1.5-flash
44,I was halfway through the book when,I realized I had missed a whole chapter,gemini-1.5-flash
45,He glanced at his phone and,checked the time and realized he was late,gemini-1.5-flash
46,"Before I could finish, she",she interrupted me with a question,gemini-1.5-flash
47,"He reached for the door handle, but",it wouldnot open,gemini-1.5-flash
48,She was preparing dinner when,she was humming a tune,gemini-1.5-flash
49,The wind howled through the trees as,the wind blew the leaves off the trees,gemini-1.5-flash
50,I had just sat down when,the phone rang,gemini-1.5-flash
51,He stared at the computer screen and,typed furiously at the keyboard,gemini-1.5-flash
52,I was on my way to the store when,I saw a group of kids playing in the park,gemini-1.5-flash
53,She looked out the window and,saw a beautiful sunset,gemini-1.5-flash
54,The crowd cheered loudly as,the team scored a goal,gemini-1.5-flash
55,He had been waiting for hours when,finally got a chance to relax,gemini-1.5-flash
56,"The rain started to fall, and",the wind picked up,gemini-1.5-flash
57,She was on the verge of tears when,she was about to give up,gemini-1.5-flash
58,He picked up the phone and,dialed her number,gemini-1.5-flash
59,They were packing their bags when,they were ready for their adventure,gemini-1.5-flash
60,The sun was setting as,the sky was ablaze with color,gemini-1.5-flash
61,I couldn't remember where I put,my car keys,gemini-1.5-flash
62,"He was trying to focus, but",the noise from the street was distracting him,gemini-1.5-flash
63,I heard a strange noise coming from,the basement,gemini-1.5-flash
64,She opened the letter and,read the news with a smile,gemini-1.5-flash
65,The lights flickered as,the power went out,gemini-1.5-flash
66,He was just about to leave when,he was about to say something,gemini-1.5-flash
67,"The doorbell rang, and she",answered the door and greeted her guest,gemini-1.5-flash
68,She was about to speak when,she was about to say something,gemini-1.5-flash
69,I was looking for my keys when,I was searching for my phone,gemini-1.5-flash
70,"The bus pulled up to the stop, and",they all got on board,gemini-1.5-flash
71,"I was running late, so",I had to hurry,gemini-1.5-flash
72,She took a deep breath and,closed her eyes and took a deep breath,gemini-1.5-flash
73,He was lost in thought when,he was thinking about his future,gemini-1.5-flash
74,"The package arrived, but",it was empty,gemini-1.5-flash
75,We were standing at the edge of the cliff when,we were mesmerized by the view,gemini-1.5-flash
76,She was flipping through the pages of the book when,she was reading a story to her child,gemini-1.5-flash
77,"The phone rang, and I",answered the call,gemini-1.5-flash
78,He opened the refrigerator and,found a half-eaten apple,gemini-1.5-flash
79,I couldn't sleep last night because,I couldn’t stop thinking about the dream I had,gemini-1.5-flash
80,The cat jumped onto the table and,knocked over a vase,gemini-1.5-flash
81,She whispered softly before,she kissed him goodnight,gemini-1.5-flash
82,He was about to sit down when,he was about to stand up,gemini-1.5-flash
83,We were getting ready to leave when,the party was in full swing,gemini-1.5-flash
84,She opened the door and saw,a stranger standing on her porch,gemini-1.5-flash
85,I was walking through the park when,I saw a squirrel running up a tree,gemini-1.5-flash
86,"The teacher handed out the papers, and",the teacher announced the test results,gemini-1.5-flash
87,They were laughing together when,they were sharing a joke,gemini-1.5-flash
88,"The clock struck midnight, and",the clock struck midnight,gemini-1.5-flash
89,She was waiting at the bus stop when,she was waiting for her ride,gemini-1.5-flash
90,He turned the corner and saw,a familiar face walking towards him,gemini-1.5-flash
91,I was about to call you when,I was about to tell you about my day,gemini-1.5-flash
92,She dropped her bag and,and everything fell out,gemini-1.5-flash
93,The boat rocked gently as,it was a beautiful day,gemini-1.5-flash
94,He was watching TV when,he was reading a book,gemini-1.5-flash
95,I was on my way home when,I was walking down the street,gemini-1.5-flash
96,They had just arrived at the restaurant when,they were enjoying their meal,gemini-1.5-flash
97,"The plane took off, and I",looked out the window and watched the clouds go by,gemini-1.5-flash
98,He leaned against the wall and,closed his eyes and tried to relax,gemini-1.5-flash
99,The sun was shining brightly as,the sun was setting in the distance,gemini-1.5-flash
100,I was about to get up when,I was about to get up when,gemini-1.5-flash
101,He poured himself a cup of coffee and,He poured himself a cup of coffee and,gemini-1.5-flash
102,"As soon as I arrived, I","As soon as I arrived, I",gemini-1.5-flash
103,He was holding a cup of tea when,He was holding a cup of tea when,gemini-1.5-flash
104,The road stretched out before them as,The road stretched out before them as,gemini-1.5-flash
105,She reached into her bag and,She reached into her bag and,gemini-1.5-flash
106,I had just finished eating when,I had just finished eating when,gemini-1.5-flash
107,"The sun peeked through the clouds, and","The sun peeked through the clouds, and",gemini-1.5-flash
108,They were sitting quietly when,They were sitting quietly when,gemini-1.5-flash
109,"Before he could react, she","Before he could react, she",gemini-1.5-flash
110,The waves crashed against the shore as,The waves crashed against the shore as,gemini-1.5-flash
111,He picked up the book and,He picked up the book and,gemini-1.5-flash
112,We were walking toward the car when,We were walking toward the car when,gemini-1.5-flash
113,I couldn’t believe what I saw when,I couldn’t believe what I saw when,gemini-1.5-flash
114,She was adjusting her glasses when,She was adjusting her glasses when,gemini-1.5-flash
115,He glanced at the clock and,He glanced at the clock and,gemini-1.5-flash
116,They had just finished dinner when,They had just finished dinner when,gemini-1.5-flash
117,I was opening the window when,I was opening the window when,gemini-1.5-flash
118,She looked at her reflection in the mirror and,She looked at her reflection in the mirror and,gemini-1.5-flash
119,He started the engine and,He started the engine and,gemini-1.5-flash
120,I was listening to the radio when,I was listening to the radio when,gemini-1.5-flash
121,They were making plans to leave when,They were making plans to leave when,gemini-1.5-flash
122,The fire crackled in the hearth as,The fire crackled in the hearth as,gemini-1.5-flash
123,She was organizing her desk when,She was organizing her desk when,gemini-1.5-flash
124,He looked out the window and noticed,He looked out the window and noticed,gemini-1.5-flash
125,I was pouring a glass of water when,I was pouring a glass of water when,gemini-1.5-flash
126,She was about to sign the contract when,She was about to sign the contract when,gemini-1.5-flash
127,The wind picked up as,The wind picked up as,gemini-1.5-flash
128,He was waiting at the station when,He was waiting at the station when,gemini-1.5-flash
129,I couldn’t remember where I left,I couldn’t remember where I left,gemini-1.5-flash
130,"She had been studying all night, and","She had been studying all night, and",gemini-1.5-flash
131,"They decided to go for a walk, but","They decided to go for a walk, but",gemini-1.5-flash
132,He turned on the TV and,He turned on the TV and,gemini-1.5-flash
133,I was halfway through my workout when,I was halfway through my workout when,gemini-1.5-flash
134,She was tying her shoes when,She was tying her shoes when,gemini-1.5-flash
135,He checked his email and saw,He checked his email and saw,gemini-1.5-flash
136,We were getting ready to board the plane when,We were getting ready to board the plane when,gemini-1.5-flash
137,The room was silent as,The room was silent as,gemini-1.5-flash
138,She took out her phone and,She took out her phone and,gemini-1.5-flash
139,He opened the door and found,He opened the door and found,gemini-1.5-flash
140,I was cleaning the kitchen when,I was cleaning the kitchen when,gemini-1.5-flash
141,She was putting on her coat when,She was putting on her coat when,gemini-1.5-flash
142,He looked up from his book and,He looked up from his book and,gemini-1.5-flash
143,The candle flickered as,The candle flickered as,gemini-1.5-flash
144,She had just finished her coffee when,She had just finished her coffee when,gemini-1.5-flash
145,I was typing an email when,I was typing an email when,gemini-1.5-flash
146,He stepped outside and,He stepped outside and,gemini-1.5-flash
147,She was adjusting her seatbelt when,She was adjusting her seatbelt when,gemini-1.5-flash
148,"I heard a knock at the door, and","I heard a knock at the door, and",gemini-1.5-flash
149,The clock was ticking as,The clock was ticking as,gemini-1.5-flash
150,He was locking the door when,He was locking the door when,gemini-1.5-flash
151,I was looking for my wallet when,I was looking for my wallet when,gemini-1.5-flash
152,They were just about to sit down when,They were just about to sit down when,gemini-1.5-flash
153,She opened her notebook and,She opened her notebook and,gemini-1.5-flash
154,He took a sip of water and,He took a sip of water and,gemini-1.5-flash
155,I had just started the car when,I had just started the car when,gemini-1.5-flash
156,"The elevator doors opened, and","The elevator doors opened, and",gemini-1.5-flash
157,She was brushing her hair when,She was brushing her hair when,gemini-1.5-flash
158,"He turned the key, but","He turned the key, but",gemini-1.5-flash
159,"The oven timer beeped, and","The oven timer beeped, and",gemini-1.5-flash
160,I was packing my suitcase when,I was packing my suitcase when,gemini-1.5-flash
161,She reached for the remote control and,She reached for the remote control and,gemini-1.5-flash
162,He was standing in line when,He was standing in line when,gemini-1.5-flash
163,I was flipping through a magazine when,I was flipping through a magazine when,gemini-1.5-flash
164,"The rain began to fall, and","The rain began to fall, and",gemini-1.5-flash
165,She was about to turn off the light when,She was about to turn off the light when,gemini-1.5-flash
166,He was putting on his jacket when,He was putting on his jacket when,gemini-1.5-flash
167,"I heard footsteps behind me, and","I heard footsteps behind me, and",gemini-1.5-flash
168,They were checking their tickets when,They were checking their tickets when,gemini-1.5-flash
169,She looked up from her laptop and,She looked up from her laptop and,gemini-1.5-flash
170,He was unlocking the car door when,He was unlocking the car door when,gemini-1.5-flash
171,The wind rustled the leaves as,The wind rustled the leaves as,gemini-1.5-flash
172,I was scrolling through my phone when,I was scrolling through my phone when,gemini-1.5-flash
173,She was pouring a cup of coffee when,She was pouring a cup of coffee when,gemini-1.5-flash
174,He had just finished his presentation when,He had just finished his presentation when,gemini-1.5-flash
175,The music was playing softly as,The music was playing softly as,gemini-1.5-flash
176,I was standing by the window when,I was standing by the window when,gemini-1.5-flash
177,She reached for her glasses and,She reached for her glasses and,gemini-1.5-flash
178,He was buttoning his shirt when,He was buttoning his shirt when,gemini-1.5-flash
179,The birds were chirping as,The birds were chirping as,gemini-1.5-flash
180,I was writing a message when,I was writing a message when,gemini-1.5-flash
181,She was flipping through the channels when,She was flipping through the channels when,gemini-1.5-flash
182,He was about to send the email when,He was about to send the email when,gemini-1.5-flash
183,The bus was approaching the stop when,The bus was approaching the stop when,gemini-1.5-flash
184,I had just sat down to dinner when,I had just sat down to dinner when,gemini-1.5-flash
185,She was putting on her makeup when,She was putting on her makeup when,gemini-1.5-flash
186,He opened his notebook and,He opened his notebook and,gemini-1.5-flash
187,The breeze was cool as,The breeze was cool as,gemini-1.5-flash
188,I was adjusting the thermostat when,I was adjusting the thermostat when,gemini-1.5-flash
189,She was organizing her closet when,She was organizing her closet when,gemini-1.5-flash
190,He picked up the pen and,He picked up the pen and,gemini-1.5-flash
191,I was standing in line when,I was standing in line when,gemini-1.5-flash
192,She was walking toward the building when,She was walking toward the building when,gemini-1.5-flash
193,The moon was shining brightly as,The moon was shining brightly as,gemini-1.5-flash
194,I was just about to fall asleep when,I was just about to fall asleep when,gemini-1.5-flash
195,She opened her laptop and,She opened her laptop and,gemini-1.5-flash
196,He was reading the instructions when,He was reading the instructions when,gemini-1.5-flash
197,The clouds were gathering as,The clouds were gathering as,gemini-1.5-flash
198,I was on my way to the appointment when,I was on my way to the appointment when,gemini-1.5-flash
199,She was unlocking the front door when,She was unlocking the front door when,gemini-1.5-flash
200,He was finishing up his report when,he realized he had forgotten his phone,gemini-1.5-flash
201,The sky was turning dark as,the storm was approaching,gemini-1.5-flash
202,I was about to leave the office when,my boss called me back to his office,gemini-1.5-flash
203,She was searching for her keys when,she realized she had left them at home,gemini-1.5-flash
204,He stepped out of the elevator and,he saw a familiar face,gemini-1.5-flash
205,The waves lapped against the shore as,the gentle breeze carried the scent of the sea,gemini-1.5-flash
206,I was waiting for the bus when,I saw a familiar face,gemini-1.5-flash
207,She was reviewing her notes when,she was preparing for her upcoming exam,gemini-1.5-flash
208,He was packing his bag when,he realized he had packed the wrong clothes,gemini-1.5-flash
209,The snow was falling gently as,the snow blanketed the ground,gemini-1.5-flash
210,I was looking out the window when,I noticed a bird perched on the windowsill,gemini-1.5-flash
211,She was getting ready for bed when,she was drifting off to sleep,gemini-1.5-flash
212,He was checking his watch when,he realized he was late for his meeting,gemini-1.5-flash
213,The smell of freshly baked bread filled the air as,the aroma of fresh bread filled the kitchen,gemini-1.5-flash
214,I was sipping my coffee when,I took a sip of my coffee and looked out the window,gemini-1.5-flash
215,She was flipping through a magazine when,she came across an article that caught her eye,gemini-1.5-flash
216,He was just about to finish when,he was interrupted by a loud knock on the door,gemini-1.5-flash
217,The clock was ticking loudly as,the seconds seemed to stretch into minutes,gemini-1.5-flash
218,I was browsing the internet when,I stumbled upon a website that was exactly what I was looking for,gemini-1.5-flash
219,She was putting on her shoes when,she was about to head out the door,gemini-1.5-flash
220,The sun was setting slowly as,the sun dipped below the horizon,gemini-1.5-flash
221,I was waiting for my turn when,I was called up to the stage,gemini-1.5-flash
222,She was about to answer the phone when,she heard a knock on the door,gemini-1.5-flash
223,He had just locked the door when,he heard a noise coming from downstairs,gemini-1.5-flash
224,The streetlights flickered as,the streetlights cast long shadows on the pavement,gemini-1.5-flash
225,I was getting dressed when,I was getting ready for work,gemini-1.5-flash
226,She was opening her mail when,she found a letter addressed to her,gemini-1.5-flash
227,He was writing a letter when,he was writing a letter to his friend,gemini-1.5-flash
228,The sound of laughter filled the room as,the sound of laughter filled the room as everyone enjoyed the party,gemini-1.5-flash
229,I was reading the instructions when,I was reading the instructions when I realized I needed help,gemini-1.5-flash
230,She was looking through her emails when,she was looking through her emails when she found a message from her friend,gemini-1.5-flash
231,He was putting his things away when,he was putting his things away when he noticed something missing,gemini-1.5-flash
232,The stars twinkled in the sky as,the stars twinkled in the sky as if they were winking at me,gemini-1.5-flash
233,I was about to grab a snack when,I was about to grab a snack when I heard a knock on the door,gemini-1.5-flash
234,She was zipping up her bag when,she was zipping up her bag when she realized she had forgotten her phone,gemini-1.5-flash
235,He was flipping through the pages of the book when,he was flipping through the pages of the book when he came across a passage that caught his eye,gemini-1.5-flash
236,The car slowed down as,the car slowed down as it approached the intersection,gemini-1.5-flash
237,I was going through my paperwork when,I was going through my paperwork when I came across a mistake,gemini-1.5-flash
238,She was just about to leave when,she was just about to leave when she remembered she had forgotten something,gemini-1.5-flash
239,He was talking on the phone when,he was talking on the phone when he heard a loud crash,gemini-1.5-flash
240,The lights dimmed as,the lights dimmed as the power went out,gemini-1.5-flash
241,I was checking my messages when,I was checking my messages when I saw a message from my friend,gemini-1.5-flash
242,She was about to send the text when,she was about to send the text when she realized she had made a mistake,gemini-1.5-flash
243,"He reached for the remote control, but",it wouldn’t turn on,gemini-1.5-flash
244,The wind was howling as,the wind was howling as the storm raged outside,gemini-1.5-flash
245,I was organizing my files when,I was organizing my files when I found a document I had been looking for,gemini-1.5-flash
246,She was stirring her tea when,she was stirring her tea when she noticed a fly buzzing around,gemini-1.5-flash
247,He had just finished his breakfast when,he had just finished his breakfast when he heard the doorbell ring,gemini-1.5-flash
248,The rain was pouring down as,the rain was pouring down as I rushed to get inside,gemini-1.5-flash
249,I was going through my notes when,I was going through my notes when I realized I had missed an important point,gemini-1.5-flash
250,She was typing an email when,she was typing an email when she heard a knock on the door,gemini-1.5-flash
251,He looked at the calendar and,he looked at the calendar and realized it was his birthday,gemini-1.5-flash
252,The sun was high in the sky as,the sun was high in the sky as I walked down the street,gemini-1.5-flash
253,I was getting ready to leave when,I was getting ready to leave when I realized I had forgotten my keys,gemini-1.5-flash
254,She was buckling her seatbelt when,she was buckling her seatbelt when she noticed a car speeding towards her,gemini-1.5-flash
255,He was reaching for his coffee when,he was reaching for his coffee when he spilled it all over his shirt,gemini-1.5-flash
256,The clouds were parting as,the clouds were parting as the sun peeked through,gemini-1.5-flash
257,I was just about to call when,I was just about to call when I realized I had the wrong number,gemini-1.5-flash
258,She was writing something down when,she was writing something down when she realized she had forgotten her pen,gemini-1.5-flash
259,He had just stepped outside when,he had just stepped outside when he heard a loud bang,gemini-1.5-flash
260,The phone rang just as,the phone rang just as I was about to answer the door,gemini-1.5-flash
261,I was putting away the groceries when,I was putting away the groceries when I noticed a package on the doorstep,gemini-1.5-flash
262,She was hanging up the phone when,she was hanging up the phone when she heard a knock on the door,gemini-1.5-flash
263,He was about to say something when,he was about to say something when he realized it was too late,gemini-1.5-flash
264,The breeze was gentle as,the breeze was gentle as it rustled the leaves of the trees,gemini-1.5-flash
265,I was running errands when,I was running errands when I ran into an old friend,gemini-1.5-flash
266,She was just about to close the door when,she was just about to close the door when she heard a voice calling her name,gemini-1.5-flash
267,He was drinking his coffee when,he was drinking his coffee when he noticed a stain on his shirt,gemini-1.5-flash
268,The computer screen flickered as,the computer screen flickered as the power went out,gemini-1.5-flash
269,I was picking out an outfit when,I was picking out an outfit when I realized I had nothing to wear,gemini-1.5-flash
270,She was standing in the hallway when,she was standing in the hallway when she heard a noise coming from the living room,gemini-1.5-flash
271,He was trying to remember something when,he was trying to remember something when he suddenly had a flashback,gemini-1.5-flash
272,The moonlight illuminated the path as,the moonlight illuminated the path as I walked through the forest,gemini-1.5-flash
273,I was just about to walk in when,I was just about to walk in when I noticed a sign on the door,gemini-1.5-flash
274,She was adjusting her scarf when,she was adjusting her scarf when she realized it was too tight,gemini-1.5-flash
275,He had just started cooking when,he had just started cooking when he realized he had forgotten to buy an ingredient,gemini-1.5-flash
276,The leaves rustled as,the leaves rustled as the wind blew through the trees,gemini-1.5-flash
277,I was finishing my homework when,I was finishing my homework when I heard my mom calling me for dinner,gemini-1.5-flash
278,She was putting away her books when,she was putting away her books when she noticed a book she had been looking for,gemini-1.5-flash
279,He was walking toward the exit when,he was walking toward the exit when he saw someone he knew,gemini-1.5-flash
280,The birds were singing as,the birds were singing as the sun rose in the sky,gemini-1.5-flash
281,I was standing by the door when,I was standing by the door when I heard a knock,gemini-1.5-flash
282,She was fastening her seatbelt when,she was fastening her seatbelt when she noticed a car speeding towards her,gemini-1.5-flash
283,He was making a cup of tea when,he was making a cup of tea when he heard a knock on the door,gemini-1.5-flash
284,The wind blew softly as,the wind blew softly as the leaves danced in the air,gemini-1.5-flash
285,I was reaching for my phone when,I was reaching for my phone when I realized I had left it in the other room,gemini-1.5-flash
286,She was sorting through the papers when,she was sorting through the papers when she found a document she had been looking for,gemini-1.5-flash
287,He was lacing up his shoes when,he was lacing up his shoes when he realized he had forgotten to tie them,gemini-1.5-flash
288,The rain started to pour as,the rain started to pour as I rushed to get inside,gemini-1.5-flash
289,I was stepping outside when,I was stepping outside when I noticed the sky was turning dark,gemini-1.5-flash
290,She was sipping her tea when,she was sipping her tea when she heard a noise coming from the kitchen,gemini-1.5-flash
291,He was gazing out the window when,he was gazing out the window when he saw a beautiful sunset,gemini-1.5-flash
292,The light was fading as,the light was fading as the sun began to set,gemini-1.5-flash
293,I was unlocking the door when,I was unlocking the door when I realized I had the wrong key,gemini-1.5-flash
294,She was folding the laundry when,she was folding the laundry when she heard a knock on the door,gemini-1.5-flash
295,He was writing down the address when,he was writing down the address when he realized he had forgotten his pen,gemini-1.5-flash
296,The clouds were heavy as,the clouds were heavy as the storm approached,gemini-1.5-flash
297,I was packing up my things when,I was packing up my things when I realized I had forgotten something important,gemini-1.5-flash
298,She was placing her order when,she was placing her order when she realized she had forgotten her wallet,gemini-1.5-flash
299,He was checking his pockets when,he was checking his pockets when he realized he had lost his keys,gemini-1.5-flash
300,The music was fading as,the music was fading as the party came to an end,gemini-1.5-flash
301,I was dusting the shelves when,I was dusting the shelves when I noticed a spider in the corner,gemini-1.5-flash
302,She was zipping up her suitcase when,she was zipping up her suitcase when she realized she had forgotten to pack her toothbrush,gemini-1.5-flash
303,He was reaching for the light switch when,he was reaching for the light switch when he realized the power was out,gemini-1.5-flash
304,The car engine roared to life as,the car engine roared to life as I pulled out of the driveway,gemini-1.5-flash
305,I was standing in the kitchen when,I was standing in the kitchen when I heard a crash from the living room,gemini-1.5-flash
306,She was preparing her lunch when,she was preparing her lunch when she realized she had forgotten to buy bread,gemini-1.5-flash
307,He was locking the car when,he was locking the car when he realized he had left his phone inside,gemini-1.5-flash
